{"accessibilityPrompt":true,"alwaysOnTop":false,"appCopyright":"版权所有©2021-2022 wzx，保留一切权利。","arch":"x64","asar":false,"blockExternalUrls":false,"bounce":false,"buildDate":1653907251110,"clearCache":false,"counter":false,"darwinDarkModeSupport":false,"disableContextMenu":false,"disableDevTools":false,"disableGpu":false,"disableOldBuildWarning":false,"electronVersionUsed":"18.2.0","enableEs3Apis":false,"fastQuit":false,"fullScreen":false,"height":800,"hideWindowFrame":false,"ignoreCertificate":false,"ignoreGpuBlacklist":false,"insecure":false,"isUpgrade":false,"maximize":false,"name":"wzx","nativefierVersion":"47.1.3","portable":false,"quiet":false,"showMenuBar":false,"singleInstance":false,"strictInternalUrls":false,"targetUrl":"https://website-pages.github.io/","tray":"false","userAgentHonest":false,"width":1280,"widevine":false,"win32metadata":{"ProductName":"wzx","InternalName":"wzx","FileDescription":"wzx"},"zoom":1,"oldBuildWarningText":""}